contrast,correlation,energy,homogeneity,ASM,dissimilarity,filename,label
0.135971529,0.868909764,0.31259241,0.341335963,0.258692252,0.245244977,histogram_databaru_random_gray_NG_crop_NG_NG-1-20241119-113351-063.BMP,NG
0.142514305,0.863487816,0.261375033,0.343048531,0.212948278,0.292866574,histogram_databaru_random_gray_NG_crop_NG_NG-10-20241119-113717-115.BMP,NG
0.168580578,0.854006611,0.305516806,0.456650468,0.252294445,0.280466046,histogram_databaru_random_gray_NG_crop_NG_NG-100-20241119-115418-660.BMP,NG
0.275856167,0.740720548,0.246258293,0.384321686,0.199698537,0.407379652,histogram_databaru_random_gray_NG_crop_NG_NG-101-20241119-115420-772.BMP,NG
0.233310057,0.765897185,0.334490454,0.538553127,0.278651754,0.312457624,histogram_databaru_random_gray_NG_crop_NG_NG-102-20241119-115424-085.BMP,NG
0.247997693,0.767545621,0.212879635,0.502057705,0.170848362,0.38145452,histogram_databaru_random_gray_NG_crop_NG_NG-103-20241119-115427-110.BMP,NG
0.425599685,0.588438317,0.093132331,0.164284124,0.071946686,0.642240303,histogram_databaru_random_gray_NG_crop_NG_NG-104-20241119-115446-153.BMP,NG
0.325757051,0.702347857,0.156516827,0.293745672,0.123401066,0.510937444,histogram_databaru_random_gray_NG_crop_NG_NG-105-20241119-115448-137.BMP,NG
0.237685728,0.781631646,0.265548897,0.423680743,0.216626844,0.358633979,histogram_databaru_random_gray_NG_crop_NG_NG-106-20241119-115449-967.BMP,NG
0.228923134,0.798461666,0.22657699,0.419188112,0.182619774,0.359508261,histogram_databaru_random_gray_NG_crop_NG_NG-107-20241119-115452-190.BMP,NG
0.245210483,0.777375593,0.286228092,0.503652357,0.234981027,0.319326981,histogram_databaru_random_gray_NG_crop_NG_NG-108-20241119-115456-013.BMP,NG
0.390995287,0.599887532,0.176776746,0.421074027,0.14027278,0.508439496,histogram_databaru_random_gray_NG_crop_NG_NG-109-20241119-115622-669.BMP,NG
0.168430142,0.836852637,0.301274917,0.294382695,0.248470945,0.289815509,histogram_databaru_random_gray_NG_crop_NG_NG-11-20241119-113719-437.BMP,NG
0.419892598,0.581883569,0.133138451,0.437167862,0.104188321,0.54671163,histogram_databaru_random_gray_NG_crop_NG_NG-110-20241119-115624-484.BMP,NG
0.48629997,0.501842715,0.199188475,0.465328234,0.159176332,0.543143132,histogram_databaru_random_gray_NG_crop_NG_NG-111-20241119-115626-642.BMP,NG
0.440085358,0.561645811,0.211166183,0.485875481,0.169382456,0.498643971,histogram_databaru_random_gray_NG_crop_NG_NG-112-20241119-115629-297.BMP,NG
0.451404769,0.560412528,0.134112563,0.397779555,0.104983388,0.544249367,histogram_databaru_random_gray_NG_crop_NG_NG-113-20241119-115632-141.BMP,NG
0.368051447,0.640017955,0.219465723,0.489286701,0.176496652,0.428594369,histogram_databaru_random_gray_NG_crop_NG_NG-114-20241119-115634-786.BMP,NG
0.263778061,0.738514641,0.252538827,0.462594096,0.20518947,0.379313421,histogram_databaru_random_gray_NG_crop_NG_NG-115-20241119-115637-874.BMP,NG
0.156378689,0.864536426,0.271782615,0.44315519,0.222137102,0.281108375,histogram_databaru_random_gray_NG_crop_NG_NG-116-20241119-115641-953.BMP,NG
0.242144908,0.758471981,0.251510987,0.252979244,0.204289498,0.414712914,histogram_databaru_random_gray_NG_crop_NG_NG-117-20241119-115643-159.BMP,NG
0.393994529,0.62410698,0.082052878,0.065122834,0.063159537,0.654212611,histogram_databaru_random_gray_NG_crop_NG_NG-118-20241119-115715-420.BMP,NG
0.262277848,0.753451362,0.334627433,0.234897901,0.278777363,0.394104842,histogram_databaru_random_gray_NG_crop_NG_NG-119-20241119-115724-399.BMP,NG
0.483424513,0.547951238,0.062131744,0.159075315,0.047514932,0.681868465,histogram_databaru_random_gray_NG_crop_NG_NG-12-20241119-113729-237.BMP,NG
0.383344971,0.626527464,0.184815178,0.118715469,0.14702395,0.611979445,histogram_databaru_random_gray_NG_crop_NG_NG-120-20241119-115726-940.BMP,NG
0.239885408,0.7773371,0.243776469,0.247609789,0.197534187,0.399136424,histogram_databaru_random_gray_NG_crop_NG_NG-121-20241119-115729-441.BMP,NG
0.398628428,0.632423779,0.337630856,0.429751227,0.281533872,0.445598259,histogram_databaru_random_gray_NG_crop_NG_NG-122-20241119-115732-414.BMP,NG
0.431122577,0.573309008,0.181312662,0.333788592,0.144078336,0.533526032,histogram_databaru_random_gray_NG_crop_NG_NG-123-20241119-115739-251.BMP,NG
0.332998702,0.694296031,0.119184885,0.114481226,0.09285171,0.544606216,histogram_databaru_random_gray_NG_crop_NG_NG-124-20241119-115742-772.BMP,NG
0.535059555,0.486178638,0.04582189,0.285966294,0.03485459,0.699675267,histogram_databaru_random_gray_NG_crop_NG_NG-125-20241119-115810-696.BMP,NG
0.569566229,0.420885456,0.098370042,0.387299626,0.07612217,0.655318845,histogram_databaru_random_gray_NG_crop_NG_NG-126-20241119-115815-796.BMP,NG
0.389414526,0.604592084,0.144964236,0.433642831,0.113872682,0.513738715,histogram_databaru_random_gray_NG_crop_NG_NG-127-20241119-115822-578.BMP,NG
0.19650894,0.817076394,0.270954701,0.418000496,0.22140415,0.316347286,histogram_databaru_random_gray_NG_crop_NG_NG-128-20241119-115825-116.BMP,NG
0.225001732,0.793656477,0.252631807,0.325826755,0.20527091,0.394033473,histogram_databaru_random_gray_NG_crop_NG_NG-129-20241119-115827-422.BMP,NG
0.33727428,0.68358609,0.169439269,0.363308623,0.134138615,0.485101524,histogram_databaru_random_gray_NG_crop_NG_NG-13-20241119-113730-824.BMP,NG
0.267363647,0.731323195,0.223658138,0.260426868,0.180103442,0.458105842,histogram_databaru_random_gray_NG_crop_NG_NG-130-20241119-115829-537.BMP,NG
0.475023202,0.540831587,0.070094404,0.208893357,0.053744339,0.720854298,histogram_databaru_random_gray_NG_crop_NG_NG-131-20241119-115836-785.BMP,NG
0.473351232,0.559320606,0.031134244,0.301112734,0.023567671,0.692573957,histogram_databaru_random_gray_NG_crop_NG_NG-132-20241119-115838-853.BMP,NG
0.522379114,0.490508581,0.046999497,0.259540357,0.035764224,0.707525961,histogram_databaru_random_gray_NG_crop_NG_NG-133-20241119-115841-827.BMP,NG
0.192699477,0.804291887,0.355458158,0.283995372,0.297988728,0.334475252,histogram_databaru_random_gray_NG_crop_NG_NG-134-20241119-115856-678.BMP,NG
0.199337016,0.797717213,0.266213608,0.276491037,0.217213482,0.374888484,histogram_databaru_random_gray_NG_crop_NG_NG-135-20241119-115859-157.BMP,NG
0.244502131,0.742377811,0.256579684,0.286353777,0.208732765,0.425989366,histogram_databaru_random_gray_NG_crop_NG_NG-136-20241119-115900-670.BMP,NG
0.384691787,0.593966923,0.175407136,0.420006342,0.13912573,0.500321165,histogram_databaru_random_gray_NG_crop_NG_NG-14-20241119-113733-757.BMP,NG
0.084374983,0.924118433,0.51059603,0.6670482,0.447914122,0.105877315,histogram_databaru_random_gray_NG_crop_NG_NG-15-20241119-113832-280.BMP,NG
0.035408697,0.976614717,0.636989786,0.763145729,0.578987035,0.024801056,histogram_databaru_random_gray_NG_crop_NG_NG-16-20241119-113833-948.BMP,NG
0.02795146,0.981320361,0.599915775,0.799391609,0.539709883,0,histogram_databaru_random_gray_NG_crop_NG_NG-17-20241119-113836-219.BMP,NG
0.226083805,0.790069901,0.306611639,0.329561771,0.253282758,0.370320808,histogram_databaru_random_gray_NG_crop_NG_NG-18-20241119-113844-929.BMP,NG
0.242011055,0.767348981,0.217702585,0.300963068,0.174982435,0.392623916,histogram_databaru_random_gray_NG_crop_NG_NG-19-20241119-113847-096.BMP,NG
0.130972793,0.869544069,0.319280682,0.288466379,0.264762922,0.250597723,histogram_databaru_random_gray_NG_crop_NG_NG-2-20241119-113529-361.BMP,NG
0.188571374,0.810449943,0.369175011,0.346999749,0.310758116,0.311315705,histogram_databaru_random_gray_NG_crop_NG_NG-20-20241119-113848-833.BMP,NG
0.14008897,0.861808964,0.386392927,0.484266782,0.326920343,0.201174036,histogram_databaru_random_gray_NG_crop_NG_NG-21-20241119-113851-326.BMP,NG
0.097331421,0.904632975,0.412663714,0.558432072,0.351866959,0.153088534,histogram_databaru_random_gray_NG_crop_NG_NG-22-20241119-113853-299.BMP,NG
0.358565695,0.651766993,0.11777144,0.182426163,0.091708801,0.582646398,histogram_databaru_random_gray_NG_crop_NG_NG-23-20241119-113946-253.BMP,NG
0.452721971,0.551505983,0.055437977,0.220636245,0.042302824,0.666434714,histogram_databaru_random_gray_NG_crop_NG_NG-24-20241119-113947-908.BMP,NG
0.327450935,0.664843907,0.167854927,0.32414596,0.132817644,0.467187667,histogram_databaru_random_gray_NG_crop_NG_NG-25-20241119-113951-744.BMP,NG
0.163802166,0.828387002,0.303446116,0.535752335,0.250426866,0.246351212,histogram_databaru_random_gray_NG_crop_NG_NG-26-20241119-114005-116.BMP,NG
0.161295691,0.836249392,0.343585524,0.272556699,0.287012383,0.28114406,histogram_databaru_random_gray_NG_crop_NG_NG-27-20241119-114007-427.BMP,NG
0.113326191,0.904405766,0.356798579,0.430182962,0.299232401,0.203618456,histogram_databaru_random_gray_NG_crop_NG_NG-28-20241119-114009-729.BMP,NG
0.328428768,0.676436579,0.167414288,0.145882252,0.132450477,0.549780537,histogram_databaru_random_gray_NG_crop_NG_NG-29-20241119-114016-954.BMP,NG
0.224477576,0.775749579,0.242670536,0.302787413,0.19657072,0.372105057,histogram_databaru_random_gray_NG_crop_NG_NG-3-20241119-113531-759.BMP,NG
0.403168748,0.606470984,0.082980013,0.192580606,0.063892489,0.621168326,histogram_databaru_random_gray_NG_crop_NG_NG-30-20241119-114018-805.BMP,NG
0.451252556,0.558996078,0.05203571,0.240951394,0.039662262,0.649073975,histogram_databaru_random_gray_NG_crop_NG_NG-31-20241119-114020-501.BMP,NG
0.295152826,0.69965687,0.228744907,0.405652797,0.184491495,0.402972558,histogram_databaru_random_gray_NG_crop_NG_NG-32-20241119-114022-333.BMP,NG
0.112573419,0.890440611,0.432117659,0.4822795,0.370563463,0.171198658,histogram_databaru_random_gray_NG_crop_NG_NG-33-20241119-114100-655.BMP,NG
0.109221779,0.890997749,0.390505958,0.443621421,0.330803197,0.186739464,histogram_databaru_random_gray_NG_crop_NG_NG-34-20241119-114105-495.BMP,NG
0.409590702,0.594131812,0.11265526,0.202967362,0.087580249,0.633890019,histogram_databaru_random_gray_NG_crop_NG_NG-35-20241119-114114-123.BMP,NG
0.380685099,0.645741602,0.142150401,0.286235525,0.111562017,0.57606252,histogram_databaru_random_gray_NG_crop_NG_NG-36-20241119-114115-905.BMP,NG
0.298777501,0.689446576,0.239862929,0.54662254,0.194127545,0.38109767,histogram_databaru_random_gray_NG_crop_NG_NG-37-20241119-114117-990.BMP,NG
0.380488466,0.612788692,0.167960928,0.454757553,0.132905985,0.472219248,histogram_databaru_random_gray_NG_crop_NG_NG-38-20241119-114119-738.BMP,NG
0.36970328,0.608799562,0.212671596,0.428997011,0.1706703,0.467758627,histogram_databaru_random_gray_NG_crop_NG_NG-39-20241119-114123-207.BMP,NG
0.269171839,0.716149684,0.271932253,0.45926491,0.222269613,0.367697962,histogram_databaru_random_gray_NG_crop_NG_NG-4-20241119-113541-385.BMP,NG
0.305186425,0.687012936,0.27255405,0.577130065,0.222820363,0.349070406,histogram_databaru_random_gray_NG_crop_NG_NG-40-20241119-114126-079.BMP,NG
0.14100047,0.865489383,0.357327934,0.500027796,0.299723797,0.217571281,histogram_databaru_random_gray_NG_crop_NG_NG-41-20241119-114132-848.BMP,NG
0.095673665,0.894252095,0.412829718,0.579046902,0.352025696,0.176230239,histogram_databaru_random_gray_NG_crop_NG_NG-42-20241119-114207-435.BMP,NG
0.160763835,0.821544397,0.406719908,0.410138546,0.346192442,0.294882775,histogram_databaru_random_gray_NG_crop_NG_NG-43-20241119-114210-222.BMP,NG
0.342972483,0.637811818,0.200324426,0.284833748,0.16014118,0.539717375,histogram_databaru_random_gray_NG_crop_NG_NG-44-20241119-114217-954.BMP,NG
0.492663882,0.490134044,0.206365156,0.477746372,0.165282891,0.527745067,histogram_databaru_random_gray_NG_crop_NG_NG-45-20241119-114243-842.BMP,NG
0.099080979,0.901255007,0.484650872,0.529714242,0.421999898,0.148877708,histogram_databaru_random_gray_NG_crop_NG_NG-46-20241119-114253-918.BMP,NG
0.115936905,0.908494715,0.341011891,0.443227198,0.284642365,0.225636085,histogram_databaru_random_gray_NG_crop_NG_NG-47-20241119-114256-207.BMP,NG
0.137593749,0.871001516,0.338361039,0.366958368,0.28220471,0.276237376,histogram_databaru_random_gray_NG_crop_NG_NG-48-20241119-114258-206.BMP,NG
0.129239227,0.893914226,0.349940447,0.413339584,0.292878765,0.220854298,histogram_databaru_random_gray_NG_crop_NG_NG-49-20241119-114300-673.BMP,NG
0.323337639,0.668694798,0.162031039,0.090274247,0.127972703,0.55998644,histogram_databaru_random_gray_NG_crop_NG_NG-5-20241119-113545-389.BMP,NG
0.432233078,0.598663075,0.107099863,0.226153915,0.083112136,0.655979017,histogram_databaru_random_gray_NG_crop_NG_NG-50-20241119-114307-337.BMP,NG
0.506126708,0.508163599,0.11874801,0.34896609,0.092498347,0.622435143,histogram_databaru_random_gray_NG_crop_NG_NG-51-20241119-114310-566.BMP,NG
0.362774938,0.614481772,0.248610224,0.458722317,0.201752461,0.424187275,histogram_databaru_random_gray_NG_crop_NG_NG-52-20241119-114313-217.BMP,NG
0.197113053,0.81671869,0.432567738,0.58000374,0.370998265,0.222103272,histogram_databaru_random_gray_NG_crop_NG_NG-53-20241119-114341-579.BMP,NG
0.233520904,0.77507567,0.295902286,0.44049913,0.243641187,0.308817757,histogram_databaru_random_gray_NG_crop_NG_NG-54-20241119-114344-062.BMP,NG
0.114351405,0.908692646,0.377472154,0.296094575,0.318527966,0.23507476,histogram_databaru_random_gray_NG_crop_NG_NG-55-20241119-114351-833.BMP,NG
0,1.014609736,0.611413134,0.573380911,0.551816715,0,histogram_databaru_random_gray_NG_crop_NG_NG-56-20241119-114355-494.BMP,NG
0.110949422,0.905418344,0.370360892,0.467433359,0.311866517,0.179085037,histogram_databaru_random_gray_NG_crop_NG_NG-57-20241119-114402-971.BMP,NG
0.212837156,0.799246175,0.323074616,0.389186691,0.268216496,0.339667416,histogram_databaru_random_gray_NG_crop_NG_NG-58-20241119-114405-569.BMP,NG
0.06131802,0.939800023,0.483380448,0.661050763,0.420739661,0.094779288,histogram_databaru_random_gray_NG_crop_NG_NG-59-20241119-114408-768.BMP,NG
0.458571795,0.506573689,0.163971289,0.138057747,0.129584922,0.643507119,histogram_databaru_random_gray_NG_crop_NG_NG-6-20241119-113547-089.BMP,NG
0.191291658,0.808425145,0.378116223,0.537130174,0.319132548,0.258769582,histogram_databaru_random_gray_NG_crop_NG_NG-60-20241119-114412-104.BMP,NG
0.284041892,0.705585508,0.287008722,0.368886114,0.235678092,0.398797416,histogram_databaru_random_gray_NG_crop_NG_NG-61-20241119-114414-949.BMP,NG
0.278907528,0.715447637,0.251402177,0.321982649,0.204194256,0.41683617,histogram_databaru_random_gray_NG_crop_NG_NG-62-20241119-114417-309.BMP,NG
0.508463203,0.502712414,0.116249063,0.418676923,0.090478931,0.618955858,histogram_databaru_random_gray_NG_crop_NG_NG-63-20241119-114454-143.BMP,NG
0.557607762,0.436220584,0.118934038,0.489218531,0.092648802,0.619223495,histogram_databaru_random_gray_NG_crop_NG_NG-64-20241119-114458-030.BMP,NG
0.283705484,0.741640533,0.166501163,0.37660048,0.131689918,0.43348321,histogram_databaru_random_gray_NG_crop_NG_NG-65-20241119-114508-887.BMP,NG
0.256808852,0.737319282,0.243676679,0.179591276,0.197447227,0.460443207,histogram_databaru_random_gray_NG_crop_NG_NG-66-20241119-114514-089.BMP,NG
0.545036889,0.484265957,0.045069108,0.221172834,0.034273473,0.760518146,histogram_databaru_random_gray_NG_crop_NG_NG-67-20241119-114522-503.BMP,NG
0.450446481,0.569010119,0.07121857,0.242647961,0.054626367,0.644845306,histogram_databaru_random_gray_NG_crop_NG_NG-68-20241119-114524-878.BMP,NG
0.501267748,0.506893042,0.051362552,0.291463515,0.039140499,0.66518574,histogram_databaru_random_gray_NG_crop_NG_NG-69-20241119-114526-898.BMP,NG
0.233507874,0.761277422,0.282674603,0.343876951,0.231811801,0.349177461,histogram_databaru_random_gray_NG_crop_NG_NG-7-20241119-113548-810.BMP,NG
0.610474128,0.38066064,0.038591764,0.251498793,0.029284978,0.748385255,histogram_databaru_random_gray_NG_crop_NG_NG-70-20241119-114528-666.BMP,NG
0.25533233,0.73988339,0.287444489,0.663651869,0.236067343,0.288637905,histogram_databaru_random_gray_NG_crop_NG_NG-71-20241119-114708-727.BMP,NG
0.18351282,0.822807352,0.268100017,0.320784866,0.218879535,0.335706384,histogram_databaru_random_gray_NG_crop_NG_NG-72-20241119-114715-145.BMP,NG
0.498538581,0.518008439,0.0558412,0.240207204,0.042616158,0.686703779,histogram_databaru_random_gray_NG_crop_NG_NG-73-20241119-114727-298.BMP,NG
0.493524446,0.507566503,0.14445864,0.388429612,0.113457204,0.587499554,histogram_databaru_random_gray_NG_crop_NG_NG-74-20241119-114735-405.BMP,NG
0.53206979,0.468672947,0.059996986,0.243109929,0.04585026,0.672661742,histogram_databaru_random_gray_NG_crop_NG_NG-75-20241119-114737-826.BMP,NG
0.237191777,0.752658219,0.256262043,0.566592669,0.208453939,0.318417015,histogram_databaru_random_gray_NG_crop_NG_NG-76-20241119-114741-448.BMP,NG
0.154826356,0.836616024,0.306252375,0.293160969,0.252958382,0.314455983,histogram_databaru_random_gray_NG_crop_NG_NG-77-20241119-114746-686.BMP,NG
0.484050539,0.520334392,0.046493897,0.269222497,0.035373592,0.683242337,histogram_databaru_random_gray_NG_crop_NG_NG-78-20241119-114757-911.BMP,NG
0.490640697,0.479338622,0.096720077,0.23220219,0.07480534,0.666060022,histogram_databaru_random_gray_NG_crop_NG_NG-79-20241119-114802-400.BMP,NG
0.18388891,0.803627848,0.394032818,0.615326824,0.334139443,0.215751347,histogram_databaru_random_gray_NG_crop_NG_NG-8-20241119-113712-015.BMP,NG
0.273568238,0.763553224,0.238282643,0.396515215,0.192754121,0.398761731,histogram_databaru_random_gray_NG_crop_NG_NG-80-20241119-115233-669.BMP,NG
0.217366223,0.810691086,0.328075583,0.366041769,0.272779851,0.329550726,histogram_databaru_random_gray_NG_crop_NG_NG-81-20241119-115236-756.BMP,NG
0.602851648,0.3752377,0.158448562,0.267546077,0.125000863,0.704171573,histogram_databaru_random_gray_NG_crop_NG_NG-82-20241119-115239-314.BMP,NG
0.392506161,0.598188569,0.178596209,0.198990216,0.141798039,0.578828105,histogram_databaru_random_gray_NG_crop_NG_NG-83-20241119-115247-098.BMP,NG
0.398637312,0.636548867,0.100860771,0.18221911,0.078112599,0.614620133,histogram_databaru_random_gray_NG_crop_NG_NG-84-20241119-115249-642.BMP,NG
0.509116473,0.492011578,0.072939318,0.237013714,0.055977705,0.694732898,histogram_databaru_random_gray_NG_crop_NG_NG-85-20241119-115252-664.BMP,NG
0.381036314,0.615289987,0.192485633,0.306203508,0.153496295,0.529904007,histogram_databaru_random_gray_NG_crop_NG_NG-86-20241119-115255-307.BMP,NG
0.591859761,0.386809063,0.083929281,0.282767393,0.064643386,0.730917461,histogram_databaru_random_gray_NG_crop_NG_NG-87-20241119-115258-603.BMP,NG
0.562887232,0.481393344,0.052583994,0.188274543,0.040087402,0.759215644,histogram_databaru_random_gray_NG_crop_NG_NG-88-20241119-115323-040.BMP,NG
0.557421197,0.482706963,0,0.226007807,0,0.740927096,histogram_databaru_random_gray_NG_crop_NG_NG-89-20241119-115324-855.BMP,NG
0.124865333,0.880312078,0.364426881,0.356227829,0.306327272,0.225190022,histogram_databaru_random_gray_NG_crop_NG_NG-9-20241119-113714-422.BMP,NG
0.550934687,0.46359993,0.033103887,0.30101029,0.025074986,0.707383221,histogram_databaru_random_gray_NG_crop_NG_NG-90-20241119-115327-258.BMP,NG
0.516367009,0.491048383,0.148552675,0.454788724,0.116825197,0.56587446,histogram_databaru_random_gray_NG_crop_NG_NG-91-20241119-115329-414.BMP,NG
0.578592382,0.429200178,0.116149913,0.428746656,0.090398873,0.648931235,histogram_databaru_random_gray_NG_crop_NG_NG-92-20241119-115332-169.BMP,NG
0.449422451,0.558121132,0.144734134,0.475286065,0.113683577,0.505085109,histogram_databaru_random_gray_NG_crop_NG_NG-93-20241119-115334-886.BMP,NG
0.418995906,0.583080299,0.123987825,0.389999065,0.096742847,0.506351925,histogram_databaru_random_gray_NG_crop_NG_NG-94-20241119-115338-292.BMP,NG
0.180062863,0.83551489,0.264710222,0.354237654,0.21588699,0.31070906,histogram_databaru_random_gray_NG_crop_NG_NG-95-20241119-115341-441.BMP,NG
0.171317445,0.837205856,0.272066293,0.312411493,0.222388321,0.346822253,histogram_databaru_random_gray_NG_crop_NG_NG-96-20241119-115344-880.BMP,NG
0.246963002,0.756973588,0.223722237,0.292500586,0.180158655,0.443028941,histogram_databaru_random_gray_NG_crop_NG_NG-97-20241119-115346-584.BMP,NG
0.36357213,0.656613585,0.105815107,0.245616067,0.082081033,0.569924705,histogram_databaru_random_gray_NG_crop_NG_NG-98-20241119-115414-535.BMP,NG
0.320418354,0.70282753,0.218871249,0.292521841,0.175985932,0.489026871,histogram_databaru_random_gray_NG_crop_NG_NG-99-20241119-115416-399.BMP,NG
0.468385663,0.520302123,0.147768217,0.372656061,0.116179205,0.573421832,histogram_databaru_random_gray_OK_crop_OK_OK-1-20241119-120641-220.BMP,OK
0.189296902,0.826703939,0.355496852,0.483191793,0.298024617,0.302198194,histogram_databaru_random_gray_OK_crop_OK_OK-10-20241119-120700-238.BMP,OK
0.275179798,0.7383927,0.302761484,0.569294103,0.24980986,0.330549905,histogram_databaru_random_gray_OK_crop_OK_OK-100-20241119-121314-381.BMP,OK
0.169826709,0.857445563,0.269996891,0.467503882,0.22055663,0.290172358,histogram_databaru_random_gray_OK_crop_OK_OK-101-20241119-121316-260.BMP,OK
0.189837642,0.837820646,0.272566515,0.350211141,0.222831406,0.354066303,histogram_databaru_random_gray_OK_crop_OK_OK-102-20241119-121317-470.BMP,OK
0.177054146,0.849979778,0.241345023,0.370390981,0.195416768,0.33733005,histogram_databaru_random_gray_OK_crop_OK_OK-103-20241119-121318-355.BMP,OK
0.194342426,0.827704539,0.236918784,0.284390577,0.191569802,0.379652428,histogram_databaru_random_gray_OK_crop_OK_OK-104-20241119-121319-137.BMP,OK
0.222218669,0.801887908,0.217725098,0.284851886,0.17500176,0.423634158,histogram_databaru_random_gray_OK_crop_OK_OK-105-20241119-121319-973.BMP,OK
0.26559336,0.751203322,0.224825954,0.151135663,0.181109699,0.478963708,histogram_databaru_random_gray_OK_crop_OK_OK-106-20241119-121320-971.BMP,OK
0.243998704,0.765699173,0.169842976,0.186433258,0.134475414,0.4800521,histogram_databaru_random_gray_OK_crop_OK_OK-107-20241119-121322-468.BMP,OK
0.222376212,0.779133761,0.219385401,0.174264442,0.176427636,0.448399529,histogram_databaru_random_gray_OK_crop_OK_OK-108-20241119-121323-721.BMP,OK
0.544339199,0.459492628,0.096418956,0,0.074565163,0.834064875,histogram_databaru_random_gray_OK_crop_OK_OK-109-20241119-121331-298.BMP,OK
0.237228497,0.760694174,0.303784507,0.387136058,0.250731917,0.396103201,histogram_databaru_random_gray_OK_crop_OK_OK-11-20241119-120702-981.BMP,OK
0.52268117,0.47909228,0.079317182,0,0.060999328,0.789101809,histogram_databaru_random_gray_OK_crop_OK_OK-110-20241119-121331-890.BMP,OK
0.536805559,0.456353982,0.079577846,0,0.061204996,0.792741676,histogram_databaru_random_gray_OK_crop_OK_OK-111-20241119-121332-507.BMP,OK
0.594411248,0.401653825,0.09446374,0.029422566,0.073006776,0.83797238,histogram_databaru_random_gray_OK_crop_OK_OK-112-20241119-121333-155.BMP,OK
0.564709638,0.424485728,0.118396377,0.033654603,0.092214,0.859115726,histogram_databaru_random_gray_OK_crop_OK_OK-113-20241119-121333-918.BMP,OK
0.571895024,0.419774301,0.032104954,0,0.024310286,0.857010313,histogram_databaru_random_gray_OK_crop_OK_OK-114-20241119-121334-682.BMP,OK
0.535189262,0.477293244,0.042011279,0.09833051,0.031915877,0.807283303,histogram_databaru_random_gray_OK_crop_OK_OK-115-20241119-121335-444.BMP,OK
0.465192158,0.554456037,0.056233665,0.184128132,0.04292121,0.726867216,histogram_databaru_random_gray_OK_crop_OK_OK-116-20241119-121336-226.BMP,OK
0.348402981,0.670483885,0.10619359,0.256577987,0.082384705,0.577311494,histogram_databaru_random_gray_OK_crop_OK_OK-117-20241119-121337-086.BMP,OK
0.346151181,0.675694696,0.101909789,0.267112147,0.078951836,0.594297541,histogram_databaru_random_gray_OK_crop_OK_OK-118-20241119-121338-056.BMP,OK
0.314370713,0.701846651,0.085395684,0.286534095,0.06580424,0.529047568,histogram_databaru_random_gray_OK_crop_OK_OK-119-20241119-121339-280.BMP,OK
0.540511375,0.424974561,0.171914573,0.201845013,0.136204962,0.687917068,histogram_databaru_random_gray_OK_crop_OK_OK-12-20241119-120719-943.BMP,OK
0.325337726,0.684258139,0.163674086,0.373191399,0.129337844,0.467330407,histogram_databaru_random_gray_OK_crop_OK_OK-120-20241119-121341-622.BMP,OK
0.261618062,0.753494379,0.180517257,0.17263636,0.143410259,0.495200371,histogram_databaru_random_gray_OK_crop_OK_OK-121-20241119-121353-741.BMP,OK
0.242713484,0.769880601,0.20359963,0.177031118,0.162926676,0.456928238,histogram_databaru_random_gray_OK_crop_OK_OK-122-20241119-121356-639.BMP,OK
0.161736338,0.853212811,0.323618339,0.300801349,0.268712032,0.317328623,histogram_databaru_random_gray_OK_crop_OK_OK-123-20241119-121358-002.BMP,OK
0.253379625,0.758534128,0.280636189,0.33291483,0.229996673,0.402455126,histogram_databaru_random_gray_OK_crop_OK_OK-124-20241119-121359-595.BMP,OK
0.551850332,0.466476854,0.052859842,0,0.040301353,0.821075545,histogram_databaru_random_gray_OK_crop_OK_OK-125-20241119-121406-281.BMP,OK
0.578444315,0.403251301,0.111548119,0,0.086688559,0.831923777,histogram_databaru_random_gray_OK_crop_OK_OK-126-20241119-121407-537.BMP,OK
0.478939273,0.521091135,0.091775502,0.031748853,0.070867272,0.744513435,histogram_databaru_random_gray_OK_crop_OK_OK-127-20241119-121410-136.BMP,OK
0.374456225,0.645602112,0.043318941,0.09723416,0.032923515,0.669646362,histogram_databaru_random_gray_OK_crop_OK_OK-128-20241119-121413-468.BMP,OK
0.37376801,0.641374728,0.093290147,0.180088468,0.072072296,0.628251793,histogram_databaru_random_gray_OK_crop_OK_OK-129-20241119-121414-266.BMP,OK
0.461733317,0.535052672,0.068465658,0.15893756,0.052467538,0.668593655,histogram_databaru_random_gray_OK_crop_OK_OK-13-20241119-120722-369.BMP,OK
0.374876142,0.635852442,0.10917359,0.206421073,0.084778189,0.612889412,histogram_databaru_random_gray_OK_crop_OK_OK-130-20241119-121415-063.BMP,OK
0.356846343,0.639087644,0.228759287,0.32690112,0.184503918,0.527209792,histogram_databaru_random_gray_OK_crop_OK_OK-131-20241119-121416-559.BMP,OK
0.374931815,0.624718756,0.254186521,0.463051708,0.20663329,0.494736466,histogram_databaru_random_gray_OK_crop_OK_OK-132-20241119-121417-655.BMP,OK
0.411297024,0.5715976,0.176941485,0.363542883,0.140410812,0.55618599,histogram_databaru_random_gray_OK_crop_OK_OK-133-20241119-121418-733.BMP,OK
0.439377006,0.536385467,0.229249723,0.40278058,0.184927678,0.568693573,histogram_databaru_random_gray_OK_crop_OK_OK-134-20241119-121419-576.BMP,OK
0.384580441,0.600108559,0.188109138,0.405771467,0.149799784,0.522802698,histogram_databaru_random_gray_OK_crop_OK_OK-135-20241119-121420-685.BMP,OK
0.251642505,0.767760679,0.229297641,0.484263664,0.184969088,0.382881918,histogram_databaru_random_gray_OK_crop_OK_OK-136-20241119-121422-192.BMP,OK
0.203693142,0.830971431,0.267837572,0.573798906,0.21864764,0.319166399,histogram_databaru_random_gray_OK_crop_OK_OK-137-20241119-121423-419.BMP,OK
0.203607263,0.829427237,0.298628234,0.459214208,0.246089884,0.329211719,histogram_databaru_random_gray_OK_crop_OK_OK-138-20241119-121424-219.BMP,OK
0.229886753,0.795312453,0.213705092,0.395207824,0.171555088,0.3837562,histogram_databaru_random_gray_OK_crop_OK_OK-139-20241119-121425-212.BMP,OK
0.600730147,0.393604043,0.04947329,0.320283853,0.037677355,0.75530814,histogram_databaru_random_gray_OK_crop_OK_OK-14-20241119-120724-986.BMP,OK
0.298493805,0.70491167,0.195438813,0.332425502,0.155996063,0.488741391,histogram_databaru_random_gray_OK_crop_OK_OK-140-20241119-121427-049.BMP,OK
0.344068177,0.665826817,0.293061286,0.362691517,0.241093107,0.453609535,histogram_databaru_random_gray_OK_crop_OK_OK-141-20241119-121508-864.BMP,OK
0.43422665,0.584779302,0.170602145,0.158575791,0.135108984,0.594600864,histogram_databaru_random_gray_OK_crop_OK_OK-142-20241119-121510-728.BMP,OK
0.45864109,0.545874093,0.150450249,0.108050064,0.118389105,0.650126682,histogram_databaru_random_gray_OK_crop_OK_OK-143-20241119-121511-719.BMP,OK
0.548153992,0.456108692,0.11671225,0.046960341,0.090853,0.766709489,histogram_databaru_random_gray_OK_crop_OK_OK-144-20241119-121512-749.BMP,OK
0.483482555,0.529240773,0.084126391,0.100092648,0.064799363,0.765228562,histogram_databaru_random_gray_OK_crop_OK_OK-145-20241119-121513-541.BMP,OK
0.289760232,0.723685514,0.199659849,0.270326011,0.159576627,0.467044927,histogram_databaru_random_gray_OK_crop_OK_OK-146-20241119-121515-130.BMP,OK
0.217783772,0.800210577,0.276672018,0.357069182,0.226472703,0.375673554,histogram_databaru_random_gray_OK_crop_OK_OK-147-20241119-121516-147.BMP,OK
0.243468033,0.765127717,0.265492581,0.411576118,0.216577153,0.386271991,histogram_databaru_random_gray_OK_crop_OK_OK-148-20241119-121520-537.BMP,OK
0.251455349,0.748386451,0.323744024,0.484233526,0.268826599,0.338810977,histogram_databaru_random_gray_OK_crop_OK_OK-149-20241119-121521-727.BMP,OK
0.64006143,0.359186737,0,0.154904207,0,0.897334333,histogram_databaru_random_gray_OK_crop_OK_OK-15-20241119-120727-000.BMP,OK
0.276778327,0.708615735,0.316803217,0.468044619,0.262511612,0.378920886,histogram_databaru_random_gray_OK_crop_OK_OK-150-20241119-121523-749.BMP,OK
0.187011343,0.809576192,0.317342745,0.354059707,0.263001627,0.341076972,histogram_databaru_random_gray_OK_crop_OK_OK-151-20241119-121532-325.BMP,OK
0.182987479,0.810544585,0.346762738,0.31280859,0.289942813,0.315026942,histogram_databaru_random_gray_OK_crop_OK_OK-152-20241119-121533-338.BMP,OK
0.161563988,0.828762537,0.33667186,0.345771911,0.280653225,0.300788638,histogram_databaru_random_gray_OK_crop_OK_OK-153-20241119-121534-607.BMP,OK
0.197008221,0.812279793,0.29785574,0.363386837,0.24539558,0.344199408,histogram_databaru_random_gray_OK_crop_OK_OK-154-20241119-121551-152.BMP,OK
0.209094027,0.80740809,0.254479352,0.292338974,0.206890031,0.369821218,histogram_databaru_random_gray_OK_crop_OK_OK-155-20241119-121553-236.BMP,OK
0.193368147,0.815124037,0.332430021,0.486377072,0.276763469,0.306230596,histogram_databaru_random_gray_OK_crop_OK_OK-156-20241119-121554-012.BMP,OK
0.213406324,0.78943832,0.370700419,0.517569349,0.312183992,0.308817757,histogram_databaru_random_gray_OK_crop_OK_OK-157-20241119-121554-662.BMP,OK
0.208375606,0.775890668,0.452675389,0.595722531,0.390527105,0.279127859,histogram_databaru_random_gray_OK_crop_OK_OK-158-20241119-121555-440.BMP,OK
0.208288543,0.787647884,0.434107213,0.601474588,0.372486255,0.277004603,histogram_databaru_random_gray_OK_crop_OK_OK-159-20241119-121556-190.BMP,OK
0.532843291,0.485442196,0.108557078,0.365815072,0.084282652,0.69582129,histogram_databaru_random_gray_OK_crop_OK_OK-16-20241119-120729-475.BMP,OK
0.220011289,0.773808556,0.442629194,0.616054782,0.380744741,0.286800128,histogram_databaru_random_gray_OK_crop_OK_OK-160-20241119-121557-079.BMP,OK
0.571749919,0.442664242,0.082148934,0.277169506,0.063235454,0.670181637,histogram_databaru_random_gray_OK_crop_OK_OK-161-20241119-121616-563.BMP,OK
0.364539894,0.651183045,0.161444198,0.185930084,0.127485448,0.521535881,histogram_databaru_random_gray_OK_crop_OK_OK-162-20241119-121621-749.BMP,OK
0.3736922,0.621537656,0.206044605,0.285987987,0.165009586,0.505174321,histogram_databaru_random_gray_OK_crop_OK_OK-163-20241119-121622-863.BMP,OK
0.335028402,0.659277221,0.280764919,0.258780952,0.23011124,0.477679049,histogram_databaru_random_gray_OK_crop_OK_OK-164-20241119-121624-357.BMP,OK
0.23635135,0.778624937,0.359669555,0.23896692,0.301899189,0.398297827,histogram_databaru_random_gray_OK_crop_OK_OK-165-20241119-121625-950.BMP,OK
0.201160607,0.818849912,0.357781334,0.322185502,0.300144796,0.324804625,histogram_databaru_random_gray_OK_crop_OK_OK-166-20241119-121626-650.BMP,OK
0.205270349,0.794921935,0.357387403,0.386852041,0.29977901,0.341594405,histogram_databaru_random_gray_OK_crop_OK_OK-167-20241119-121628-427.BMP,OK
0.253624231,0.743076368,0.280338369,0.312295863,0.229731651,0.429093959,histogram_databaru_random_gray_OK_crop_OK_OK-168-20241119-121629-269.BMP,OK
0.293362402,0.703696202,0.253422726,0.344607421,0.205963833,0.466937872,histogram_databaru_random_gray_OK_crop_OK_OK-169-20241119-121630-583.BMP,OK
0.542358657,0.475093999,0.07727586,0.32670534,0.059389869,0.721550155,histogram_databaru_random_gray_OK_crop_OK_OK-17-20241119-120730-282.BMP,OK
0.393282623,0.591602042,0.146736789,0.183376017,0.115330305,0.62284552,histogram_databaru_random_gray_OK_crop_OK_OK-170-20241119-121636-130.BMP,OK
0.427659591,0.548749908,0.14136792,0.138242226,0.110920166,0.683920351,histogram_databaru_random_gray_OK_crop_OK_OK-171-20241119-121637-081.BMP,OK
0.433031455,0.554800914,0.121800247,0.222219753,0.094969129,0.640027834,histogram_databaru_random_gray_OK_crop_OK_OK-172-20241119-121638-310.BMP,OK
0.431457801,0.577637522,0.125426438,0.25537292,0.097910602,0.60275488,histogram_databaru_random_gray_OK_crop_OK_OK-173-20241119-121639-880.BMP,OK
0.391376115,0.625000277,0.104072933,0.258124237,0.080684144,0.570941726,histogram_databaru_random_gray_OK_crop_OK_OK-174-20241119-121640-721.BMP,OK
0.538444955,0.45628616,0.085880117,0.270554208,0.06618797,0.707276166,histogram_databaru_random_gray_OK_crop_OK_OK-175-20241119-121641-994.BMP,OK
0.495319016,0.489426034,0.128274384,0.342597255,0.100225407,0.615797738,histogram_databaru_random_gray_OK_crop_OK_OK-176-20241119-121644-086.BMP,OK
0.50789818,0.472095948,0.14721988,0.314368556,0.115727839,0.625914427,histogram_databaru_random_gray_OK_crop_OK_OK-177-20241119-121647-140.BMP,OK
0.534669844,0.438543939,0.134906979,0.341960734,0.105632141,0.653463227,histogram_databaru_random_gray_OK_crop_OK_OK-178-20241119-121647-791.BMP,OK
0.55661216,0.410068058,0.122215859,0.361002398,0.095305928,0.660921386,histogram_databaru_random_gray_OK_crop_OK_OK-179-20241119-121648-681.BMP,OK
0.562457838,0.451236876,0.04613827,0.282185107,0.035098907,0.757056703,histogram_databaru_random_gray_OK_crop_OK_OK-18-20241119-120731-069.BMP,OK
0.521365152,0.46051317,0.17772048,0.32867049,0.141063706,0.616208115,histogram_databaru_random_gray_OK_crop_OK_OK-180-20241119-121649-602.BMP,OK
0.459790089,0.543287388,0.116019984,0.142912921,0.090293968,0.66497163,histogram_databaru_random_gray_OK_crop_OK_OK-181-20241119-121659-425.BMP,OK
0.612081541,0.390896651,0.092908586,0.238167932,0.071768624,0.77461371,histogram_databaru_random_gray_OK_crop_OK_OK-182-20241119-121700-950.BMP,OK
0.564861258,0.444660334,0.07836863,0.193773937,0.060251192,0.738393463,histogram_databaru_random_gray_OK_crop_OK_OK-183-20241119-121701-516.BMP,OK
0.573198604,0.417062872,0.079969636,0.162977069,0.061514189,0.763390786,histogram_databaru_random_gray_OK_crop_OK_OK-184-20241119-121702-068.BMP,OK
0.629649372,0.361779399,0.015525251,0.101228208,0.011691354,0.836205974,histogram_databaru_random_gray_OK_crop_OK_OK-185-20241119-121702-825.BMP,OK
0.693844626,0.299327824,0.002661879,0.146123166,0.00199595,0.889323056,histogram_databaru_random_gray_OK_crop_OK_OK-186-20241119-121703-570.BMP,OK
0.651445399,0.337129291,0.008239031,0.135487288,0.006189378,0.849070406,histogram_databaru_random_gray_OK_crop_OK_OK-187-20241119-121704-186.BMP,OK
0.465403005,0.537302275,0.082297373,0.218031839,0.063352782,0.64215109,histogram_databaru_random_gray_OK_crop_OK_OK-188-20241119-121705-104.BMP,OK
0.403123144,0.588981303,0.168914633,0.304057397,0.133701052,0.537576277,histogram_databaru_random_gray_OK_crop_OK_OK-189-20241119-121707-294.BMP,OK
0.58435455,0.427286318,0.025458198,0.258433016,0.019234831,0.783517111,histogram_databaru_random_gray_OK_crop_OK_OK-19-20241119-120731-891.BMP,OK
0.460246727,0.499380223,0.201951458,0.408635146,0.161524265,0.535560076,histogram_databaru_random_gray_OK_crop_OK_OK-190-20241119-121708-541.BMP,OK
0.392173307,0.56316598,0.265009124,0.414000745,0.216150632,0.465385576,histogram_databaru_random_gray_OK_crop_OK_OK-191-20241119-121709-377.BMP,OK
0.285529075,0.693239365,0.289442708,0.320559421,0.237853484,0.401991221,histogram_databaru_random_gray_OK_crop_OK_OK-192-20241119-121710-668.BMP,OK
0.169283599,0.82733116,0.377079427,0.411457187,0.318159419,0.269671341,histogram_databaru_random_gray_OK_crop_OK_OK-193-20241119-121713-412.BMP,OK
0.150460162,0.856870834,0.371609459,0.382516085,0.313034272,0.283838276,histogram_databaru_random_gray_OK_crop_OK_OK-194-20241119-121714-417.BMP,OK
0.148556615,0.842375624,0.565528921,0.538369438,0.503895968,0.243728366,histogram_databaru_random_gray_OK_crop_OK_OK-195-20241119-121717-064.BMP,OK
0.666916603,0.280982468,0.061085973,0.183658887,0.04669916,0.846715198,histogram_databaru_random_gray_OK_crop_OK_OK-196-20241119-121734-701.BMP,OK
0.637305018,0.332667632,0.06040611,0.200255918,0.046169115,0.810405738,histogram_databaru_random_gray_OK_crop_OK_OK-197-20241119-121736-216.BMP,OK
0.44944318,0.493806286,0.218017737,0.50877872,0.175252979,0.513096385,histogram_databaru_random_gray_OK_crop_OK_OK-198-20241119-121741-761.BMP,OK
0.353298662,0.598728137,0.232289868,0.476154401,0.187557197,0.441316062,histogram_databaru_random_gray_OK_crop_OK_OK-199-20241119-121742-832.BMP,OK
0.547567055,0.428085866,0.147831926,0.352475803,0.116231657,0.674445991,histogram_databaru_random_gray_OK_crop_OK_OK-2-20241119-120643-017.BMP,OK
0.638542264,0.390567882,0.166148042,0.354605398,0.131395909,0.748795632,histogram_databaru_random_gray_OK_crop_OK_OK-20-20241119-120735-487.BMP,OK
0.274074627,0.735118965,0.281870368,0.385091584,0.231095412,0.407593762,histogram_databaru_random_gray_OK_crop_OK_OK-200-20241119-121743-758.BMP,OK
0.190070403,0.817350259,0.347620827,0.281502016,0.29073512,0.322502944,histogram_databaru_random_gray_OK_crop_OK_OK-201-20241119-121745-399.BMP,OK
0.207722928,0.805634406,0.244894361,0.229639566,0.198508697,0.401206152,histogram_databaru_random_gray_OK_crop_OK_OK-202-20241119-121747-323.BMP,OK
0.19294053,0.829561516,0.338694483,0.297865421,0.282511143,0.360471755,histogram_databaru_random_gray_OK_crop_OK_OK-203-20241119-121757-205.BMP,OK
0.288225668,0.725497109,0.234168725,0.216230657,0.189184601,0.523230917,histogram_databaru_random_gray_OK_crop_OK_OK-204-20241119-121759-396.BMP,OK
0.256830766,0.759252994,0.2124845,0.255999842,0.170510182,0.478981551,histogram_databaru_random_gray_OK_crop_OK_OK-205-20241119-121800-263.BMP,OK
0.227117903,0.791414939,0.238811683,0.293537254,0.19321377,0.423776898,histogram_databaru_random_gray_OK_crop_OK_OK-206-20241119-121800-783.BMP,OK
0.239300248,0.782893915,0.349405984,0.340904521,0.292384608,0.392106484,histogram_databaru_random_gray_OK_crop_OK_OK-207-20241119-121801-559.BMP,OK
0.156270896,0.865939493,0.371460442,0.272817576,0.312894859,0.318898762,histogram_databaru_random_gray_OK_crop_OK_OK-208-20241119-121807-647.BMP,OK
0.154740477,0.870646585,0.382869304,0.282917875,0.323600661,0.307800735,histogram_databaru_random_gray_OK_crop_OK_OK-209-20241119-121808-029.BMP,OK
0.716821041,0.293477616,0.07275134,0.120763374,0.05583001,0.882186061,histogram_databaru_random_gray_OK_crop_OK_OK-21-20241119-120737-009.BMP,OK
0.173549108,0.849854614,0.324019591,0.259933101,0.269077819,0.332120044,histogram_databaru_random_gray_OK_crop_OK_OK-210-20241119-121808-691.BMP,OK
0.193673757,0.831704949,0.310744899,0.23731174,0.257019298,0.364682582,histogram_databaru_random_gray_OK_crop_OK_OK-211-20241119-121809-368.BMP,OK
0.209328564,0.831871222,0.252913869,0.175155332,0.205517988,0.394622275,histogram_databaru_random_gray_OK_crop_OK_OK-212-20241119-121811-525.BMP,OK
0.186926648,0.857024884,0.302979002,0.261236655,0.250005866,0.316008279,histogram_databaru_random_gray_OK_crop_OK_OK-213-20241119-121812-333.BMP,OK
0.09082655,0.947649608,0.633035227,0.390416965,0.57476462,0.126306962,histogram_databaru_random_gray_OK_crop_OK_OK-214-20241119-121813-669.BMP,OK
0.065302201,0.968924891,0.441915604,0.322200628,0.380051817,0.134157656,histogram_databaru_random_gray_OK_crop_OK_OK-215-20241119-121814-822.BMP,OK
0.103092997,0.937276516,0.50021515,0.366777202,0.43750509,0.146522499,histogram_databaru_random_gray_OK_crop_OK_OK-216-20241119-121816-494.BMP,OK
0.091454354,0.941285343,0.540054717,0.455637311,0.477747089,0.105930843,histogram_databaru_random_gray_OK_crop_OK_OK-217-20241119-121817-344.BMP,OK
0.096974877,0.930776765,0.475617719,0.472297998,0.413056771,0.12593227,histogram_databaru_random_gray_OK_crop_OK_OK-218-20241119-121818-196.BMP,OK
0.098589989,0.932148363,0.653872064,0.529551352,0.597101041,0.074456696,histogram_databaru_random_gray_OK_crop_OK_OK-219-20241119-121819-489.BMP,OK
0.59771373,0.433789198,0.050870853,0.044698101,0.038759529,0.854316097,histogram_databaru_random_gray_OK_crop_OK_OK-22-20241119-120739-139.BMP,OK
0.013226512,1.009734017,0.823398838,0.628802766,0.786923352,0,histogram_databaru_random_gray_OK_crop_OK_OK-220-20241119-121821-110.BMP,OK
0.244908427,0.778900003,0.244702819,0.239890417,0.198341677,0.457249402,histogram_databaru_random_gray_OK_crop_OK_OK-221-20241119-121836-603.BMP,OK
0.243103788,0.786629008,0.276180731,0.234529879,0.226036521,0.476144596,histogram_databaru_random_gray_OK_crop_OK_OK-222-20241119-121837-170.BMP,OK
0.226679625,0.798316542,0.272482375,0.311344709,0.222756868,0.415926203,histogram_databaru_random_gray_OK_crop_OK_OK-223-20241119-121837-832.BMP,OK
0.234388576,0.790428732,0.272871877,0.261219632,0.223101949,0.452075081,histogram_databaru_random_gray_OK_crop_OK_OK-224-20241119-121838-540.BMP,OK
0.213585189,0.808247432,0.265526997,0.299573829,0.21660752,0.403668415,histogram_databaru_random_gray_OK_crop_OK_OK-225-20241119-121839-232.BMP,OK
0.191430248,0.829581246,0.265462858,0.349134952,0.216550926,0.365753131,histogram_databaru_random_gray_OK_crop_OK_OK-226-20241119-121840-161.BMP,OK
0.207962796,0.813293905,0.305226165,0.30749336,0.252032184,0.378314242,histogram_databaru_random_gray_OK_crop_OK_OK-227-20241119-121847-678.BMP,OK
0.208380345,0.804412672,0.356975543,0.263637848,0.29939666,0.380294758,histogram_databaru_random_gray_OK_crop_OK_OK-228-20241119-121848-154.BMP,OK
0.236113258,0.77127628,0.305853278,0.279732175,0.252598117,0.422991828,histogram_databaru_random_gray_OK_crop_OK_OK-229-20241119-121849-260.BMP,OK
0.431165813,0.565714209,0.12884948,0.186582497,0.100693337,0.637315776,histogram_databaru_random_gray_OK_crop_OK_OK-23-20241119-120741-206.BMP,OK
0.207744842,0.814456843,0.319260949,0.281673104,0.264744978,0.36775149,histogram_databaru_random_gray_OK_crop_OK_OK-230-20241119-121851-353.BMP,OK
0.170480572,0.857064158,0.378019186,0.358125165,0.319041447,0.317257253,histogram_databaru_random_gray_OK_crop_OK_OK-231-20241119-121852-111.BMP,OK
0.17143116,0.860938577,0.382499709,0.319214353,0.323252819,0.337508475,histogram_databaru_random_gray_OK_crop_OK_OK-232-20241119-121852-933.BMP,OK
0.223808906,0.79651497,0.273807887,0.280300048,0.223931525,0.414944867,histogram_databaru_random_gray_OK_crop_OK_OK-233-20241119-121854-775.BMP,OK
0.224510151,0.795213589,0.286293028,0.255181755,0.235039001,0.418620419,histogram_databaru_random_gray_OK_crop_OK_OK-234-20241119-121855-682.BMP,OK
0.193305366,0.834311737,0.287898686,0.316849303,0.236473159,0.351050922,histogram_databaru_random_gray_OK_crop_OK_OK-235-20241119-121856-719.BMP,OK
0.145174769,0.877262536,0.405895765,0.381791599,0.345407037,0.261927702,histogram_databaru_random_gray_OK_crop_OK_OK-236-20241119-121857-676.BMP,OK
0.514528612,0.500303701,0.097579863,0.287550036,0.075491361,0.656835457,histogram_databaru_random_gray_OK_crop_OK_OK-237-20241119-121910-199.BMP,OK
0.42457684,0.577667242,0.205011308,0.409869106,0.164128939,0.522392321,histogram_databaru_random_gray_OK_crop_OK_OK-238-20241119-121911-260.BMP,OK
0.360805649,0.636885162,0.255332375,0.350784344,0.207638167,0.472522571,histogram_databaru_random_gray_OK_crop_OK_OK-239-20241119-121911-991.BMP,OK
0.528584298,0.432540488,0.192596613,0.216613834,0.153590157,0.684741106,histogram_databaru_random_gray_OK_crop_OK_OK-24-20241119-120743-441.BMP,OK
0.449632705,0.563502569,0.166245862,0.317357849,0.131477348,0.561271099,histogram_databaru_random_gray_OK_crop_OK_OK-240-20241119-121912-768.BMP,OK
0.514882787,0.490877718,0.086249441,0.336624547,0.066480599,0.636994612,histogram_databaru_random_gray_OK_crop_OK_OK-241-20241119-121913-765.BMP,OK
0.533106258,0.467062814,0.085404398,0.334437511,0.065811141,0.647539521,histogram_databaru_random_gray_OK_crop_OK_OK-242-20241119-121915-151.BMP,OK
0.544580844,0.444276672,0.137191724,0.400772501,0.10749972,0.645148628,histogram_databaru_random_gray_OK_crop_OK_OK-243-20241119-121916-106.BMP,OK
0.340381906,0.672212137,0.197586447,0.557131997,0.157816712,0.413499625,histogram_databaru_random_gray_OK_crop_OK_OK-244-20241119-121918-074.BMP,OK
0.32077786,0.692660404,0.2014239,0.483885847,0.16107566,0.409395853,histogram_databaru_random_gray_OK_crop_OK_OK-245-20241119-121919-235.BMP,OK
0.337047441,0.680239656,0.167364584,0.181056484,0.132409068,0.502783428,histogram_databaru_random_gray_OK_crop_OK_OK-246-20241119-121920-934.BMP,OK
0.315789785,0.714572438,0.189561604,0.224436414,0.151025513,0.485226421,histogram_databaru_random_gray_OK_crop_OK_OK-247-20241119-121921-684.BMP,OK
0.224315887,0.794543556,0.332856456,0.273503658,0.277154101,0.370659815,histogram_databaru_random_gray_OK_crop_OK_OK-248-20241119-121924-481.BMP,OK
0.314496274,0.699076518,0.205461631,0.384973638,0.164512669,0.444545552,histogram_databaru_random_gray_OK_crop_OK_OK-249-20241119-121948-234.BMP,OK
0.477578835,0.505438519,0.14756869,0.23467963,0.116014946,0.632587517,histogram_databaru_random_gray_OK_crop_OK_OK-25-20241119-120751-962.BMP,OK
0.300444733,0.673463265,0.266826483,0.145518668,0.21775457,0.504549834,histogram_databaru_random_gray_OK_crop_OK_OK-250-20241119-122003-488.BMP,OK
0.419711957,0.573692654,0.180490956,0.372133996,0.143388174,0.575491561,histogram_databaru_random_gray_OK_crop_OK_OK-251-20241119-122007-547.BMP,OK
0.438524733,0.555211847,0.174026501,0.363617642,0.137970398,0.564072369,histogram_databaru_random_gray_OK_crop_OK_OK-252-20241119-122012-621.BMP,OK
0.481988265,0.50625712,0.383748997,0.526409858,0.324428856,0.54699711,histogram_databaru_random_gray_OK_crop_OK_OK-253-20241119-122014-019.BMP,OK
0.454694221,0.542446937,0.278966511,0.519323751,0.228511444,0.51966242,histogram_databaru_random_gray_OK_crop_OK_OK-254-20241119-122014-722.BMP,OK
0.424691147,0.56358162,0.349873274,0.531098173,0.29281665,0.48722478,histogram_databaru_random_gray_OK_crop_OK_OK-255-20241119-122015-149.BMP,OK
0.312542976,0.680635372,0.153346817,0.159655825,0.120779828,0.569407273,histogram_databaru_random_gray_OK_crop_OK_OK-256-20241119-122033-323.BMP,OK
0.350950915,0.647808428,0.190617454,0.109206678,0.151917203,0.574421011,histogram_databaru_random_gray_OK_crop_OK_OK-257-20241119-122035-249.BMP,OK
0.367307559,0.6671206,0.192053066,0.14864701,0.153130508,0.605199301,histogram_databaru_random_gray_OK_crop_OK_OK-258-20241119-122036-272.BMP,OK
0.46149108,0.571478357,0.117761193,0.094870232,0.091700519,0.683099597,histogram_databaru_random_gray_OK_crop_OK_OK-259-20241119-122037-124.BMP,OK
0.441279961,0.56097168,0.116635346,0.239926482,0.090790885,0.630339364,histogram_databaru_random_gray_OK_crop_OK_OK-26-20241119-120754-028.BMP,OK
0.446674923,0.578691442,0.095897915,0.181987635,0.074149685,0.664650466,histogram_databaru_random_gray_OK_crop_OK_OK-260-20241119-122037-751.BMP,OK
0.300447103,0.672103877,0.25473908,0.355398418,0.207117785,0.380366128,histogram_databaru_random_gray_OK_crop_OK_OK-261-20241119-122104-378.BMP,OK
0.357446902,0.607413476,0.262458215,0.278796451,0.213902082,0.465474789,histogram_databaru_random_gray_OK_crop_OK_OK-262-20241119-122105-735.BMP,OK
0.39321392,0.57336177,0.239110289,0.325061467,0.193473271,0.506726617,histogram_databaru_random_gray_OK_crop_OK_OK-263-20241119-122106-586.BMP,OK
0.440927562,0.532883307,0.203868766,0.259967418,0.16315581,0.558737466,histogram_databaru_random_gray_OK_crop_OK_OK-264-20241119-122107-542.BMP,OK
0.50097576,0.48822302,0.161509043,0.192965596,0.127539281,0.647610891,histogram_databaru_random_gray_OK_crop_OK_OK-265-20241119-122108-361.BMP,OK
0.502986508,0.491228245,0.092998781,0.187057727,0.071840401,0.689772687,histogram_databaru_random_gray_OK_crop_OK_OK-266-20241119-122108-948.BMP,OK
0.524149993,0.465839872,0.10127494,0.133860269,0.078443877,0.722477965,histogram_databaru_random_gray_OK_crop_OK_OK-267-20241119-122109-653.BMP,OK
0.529373198,0.455928587,0.103252835,0.144500261,0.08002711,0.712504015,histogram_databaru_random_gray_OK_crop_OK_OK-268-20241119-122110-260.BMP,OK
0.460914804,0.541970653,0.148126968,0.225015315,0.116474594,0.604110909,histogram_databaru_random_gray_OK_crop_OK_OK-269-20241119-122111-043.BMP,OK
0.306729281,0.70660112,0.212298997,0.165089938,0.170351445,0.551529101,histogram_databaru_random_gray_OK_crop_OK_OK-27-20241119-120808-481.BMP,OK
0.462960495,0.548188826,0.175646198,0.338679331,0.139325877,0.588159726,histogram_databaru_random_gray_OK_crop_OK_OK-270-20241119-122112-363.BMP,OK
0.473925731,0.563449062,0.117341014,0.259096253,0.091360959,0.649716304,histogram_databaru_random_gray_OK_crop_OK_OK-271-20241119-122113-464.BMP,OK
0.67063308,0.341299273,0.104262392,0.200209011,0.08083598,0.863183813,histogram_databaru_random_gray_OK_crop_OK_OK-272-20241119-122114-349.BMP,OK
0.723813348,0.276944077,0.017557129,0.218755956,0.013230416,0.935713521,histogram_databaru_random_gray_OK_crop_OK_OK-273-20241119-122115-204.BMP,OK
0.682572003,0.316050521,0.049505392,0.221995302,0.0377022,0.899261321,histogram_databaru_random_gray_OK_crop_OK_OK-274-20241119-122116-681.BMP,OK
0.580720991,0.415228257,0,0.179734496,0,0.808443065,histogram_databaru_random_gray_OK_crop_OK_OK-275-20241119-122120-748.BMP,OK
0.534265325,0.450936657,0.046767263,0.217067094,0.035584782,0.712718124,histogram_databaru_random_gray_OK_crop_OK_OK-276-20241119-122121-428.BMP,OK
0.530215994,0.43169353,0.113460285,0.270652934,0.088229001,0.677693323,histogram_databaru_random_gray_OK_crop_OK_OK-277-20241119-122122-059.BMP,OK
0.582188629,0.376194185,0.070604689,0.216641712,0.054144633,0.729008315,histogram_databaru_random_gray_OK_crop_OK_OK-278-20241119-122124-692.BMP,OK
0.534764606,0.442998232,0.112941347,0.199736259,0.087810763,0.703957464,histogram_databaru_random_gray_OK_crop_OK_OK-279-20241119-122125-469.BMP,OK
0.223763894,0.804163944,0.251799537,0.291911303,0.204542098,0.39014381,histogram_databaru_random_gray_OK_crop_OK_OK-28-20241119-120821-911.BMP,OK
0.482406405,0.519261718,0.145422665,0.11197571,0.11424951,0.674428148,histogram_databaru_random_gray_OK_crop_OK_OK-280-20241119-122126-351.BMP,OK
0.405913907,0.583216667,0.21776369,0.152029915,0.175034888,0.603700532,histogram_databaru_random_gray_OK_crop_OK_OK-281-20241119-122127-974.BMP,OK
0.382637212,0.591526201,0.260115444,0.202626291,0.211839877,0.557327909,histogram_databaru_random_gray_OK_crop_OK_OK-282-20241119-122128-761.BMP,OK
0.372257136,0.596837935,0.268104703,0.279022904,0.218883676,0.52977911,histogram_databaru_random_gray_OK_crop_OK_OK-283-20241119-122129-551.BMP,OK
0.377195461,0.584602253,0.292431222,0.206521095,0.240528554,0.521214716,histogram_databaru_random_gray_OK_crop_OK_OK-284-20241119-122130-071.BMP,OK
0.151660095,0.876027639,0.324843014,0.177908961,0.269828715,0.336366556,histogram_databaru_random_gray_OK_crop_OK_OK-285-20241119-122143-722.BMP,OK
0.285141733,0.725810829,0.160922016,0.245760668,0.127052026,0.486528923,histogram_databaru_random_gray_OK_crop_OK_OK-286-20241119-122152-131.BMP,OK
0.265586253,0.750256182,0.191592627,0.264864399,0.152741257,0.461941976,histogram_databaru_random_gray_OK_crop_OK_OK-287-20241119-122152-807.BMP,OK
0.230128398,0.775600397,0.241957168,0.273091741,0.195949574,0.431288584,histogram_databaru_random_gray_OK_crop_OK_OK-288-20241119-122153-327.BMP,OK
0.201950099,0.805380376,0.268810608,0.274203372,0.219507583,0.386486101,histogram_databaru_random_gray_OK_crop_OK_OK-289-20241119-122153-881.BMP,OK
0.252692003,0.774618065,0.269383558,0.240398971,0.220014162,0.437765407,histogram_databaru_random_gray_OK_crop_OK_OK-29-20241119-120822-771.BMP,OK
0.232867041,0.771685271,0.218925885,0.315555831,0.176032863,0.424936659,histogram_databaru_random_gray_OK_crop_OK_OK-290-20241119-122155-950.BMP,OK
0.263509764,0.735119847,0.218329615,0.225999706,0.175520762,0.44984477,histogram_databaru_random_gray_OK_crop_OK_OK-291-20241119-122156-723.BMP,OK
0.279159241,0.715634315,0.24973133,0.307046737,0.202732492,0.474057025,histogram_databaru_random_gray_OK_crop_OK_OK-292-20241119-122157-574.BMP,OK
0.29443559,0.696997352,0.211755276,0.304950579,0.169886275,0.484637619,histogram_databaru_random_gray_OK_crop_OK_OK-293-20241119-122158-411.BMP,OK
0.311934718,0.683732679,0.237241566,0.318477168,0.191850008,0.485494058,histogram_databaru_random_gray_OK_crop_OK_OK-294-20241119-122159-246.BMP,OK
0.273577122,0.734843099,0.200330925,0.231198349,0.160146701,0.477893159,histogram_databaru_random_gray_OK_crop_OK_OK-295-20241119-122200-063.BMP,OK
0.188776299,0.824763377,0.268068776,0.320198138,0.218851928,0.358741034,histogram_databaru_random_gray_OK_crop_OK_OK-296-20241119-122211-256.BMP,OK
0.306283896,0.690056027,0.210894971,0.284763938,0.169150562,0.48629697,histogram_databaru_random_gray_OK_crop_OK_OK-297-20241119-122215-176.BMP,OK
0.256001,0.756104096,0.240261346,0.289316276,0.194474006,0.432145024,histogram_databaru_random_gray_OK_crop_OK_OK-298-20241119-122217-743.BMP,OK
0.266851336,0.737882578,0.162728994,0.376976889,0.128552439,0.405809514,histogram_databaru_random_gray_OK_crop_OK_OK-299-20241119-122221-805.BMP,OK
0.483404376,0.501102626,0.212328034,0.30300648,0.17037629,0.610213039,histogram_databaru_random_gray_OK_crop_OK_OK-3-20241119-120644-851.BMP,OK
0.266273875,0.753580877,0.215726741,0.19771841,0.173287396,0.484369982,histogram_databaru_random_gray_OK_crop_OK_OK-30-20241119-120823-575.BMP,OK
0.22422527,0.779468993,0.224202897,0.321957112,0.180572752,0.349373729,histogram_databaru_random_gray_OK_crop_OK_OK-300-20241119-122222-553.BMP,OK
0.276299775,0.727454081,0.129239546,0.28396566,0.101010812,0.457213717,histogram_databaru_random_gray_OK_crop_OK_OK-301-20241119-122223-446.BMP,OK
0.46976683,0.518089431,0.087064435,0.20699218,0.067126591,0.621489491,histogram_databaru_random_gray_OK_crop_OK_OK-302-20241119-122226-106.BMP,OK
0.562537794,0.412961864,0.152064728,0.25037978,0.119721119,0.64523784,histogram_databaru_random_gray_OK_crop_OK_OK-303-20241119-122229-478.BMP,OK
0.407550934,0.584589443,0.237255875,0.281389557,0.191862431,0.492791635,histogram_databaru_random_gray_OK_crop_OK_OK-304-20241119-122230-092.BMP,OK
0.320061809,0.675215731,0.281099882,0.292402509,0.230409391,0.433072833,histogram_databaru_random_gray_OK_crop_OK_OK-305-20241119-122230-582.BMP,OK
0.270761484,0.729721326,0.308719916,0.319858014,0.255187607,0.420868572,histogram_databaru_random_gray_OK_crop_OK_OK-306-20241119-122231-011.BMP,OK
0.229508886,0.783059921,0.244889613,0.253724364,0.198504556,0.437925989,histogram_databaru_random_gray_OK_crop_OK_OK-307-20241119-122231-636.BMP,OK
0.259662988,0.746325999,0.230223791,0.169187254,0.185769676,0.460924955,histogram_databaru_random_gray_OK_crop_OK_OK-308-20241119-122233-466.BMP,OK
0.211050878,0.791701692,0.285999248,0.220379444,0.234776739,0.417817507,histogram_databaru_random_gray_OK_crop_OK_OK-309-20241119-122234-537.BMP,OK
0.272909045,0.742712579,0.209140734,0.247112421,0.167651529,0.489348036,histogram_databaru_random_gray_OK_crop_OK_OK-31-20241119-120824-429.BMP,OK
0.305823112,0.683848757,0.226650578,0.172883665,0.182683269,0.530903187,histogram_databaru_random_gray_OK_crop_OK_OK-310-20241119-122235-768.BMP,OK
0.301809909,0.717539733,0.158471883,0.276832136,0.125020187,0.493362595,histogram_databaru_random_gray_OK_crop_OK_OK-311-20241119-122249-302.BMP,OK
0.313713889,0.707490768,0.17050458,0.25219496,0.135027544,0.468151162,histogram_databaru_random_gray_OK_crop_OK_OK-312-20241119-122250-924.BMP,OK
0.456087826,0.588817259,0.141660763,0.380472514,0.111160343,0.590086714,histogram_databaru_random_gray_OK_crop_OK_OK-313-20241119-122252-153.BMP,OK
0.477626217,0.569775562,0.065019445,0.262676424,0.049770383,0.663169539,histogram_databaru_random_gray_OK_crop_OK_OK-314-20241119-122252-754.BMP,OK
0.630504606,0.408070777,0,0.122227344,0,0.880027121,histogram_databaru_random_gray_OK_crop_OK_OK-315-20241119-122258-284.BMP,OK
0.675354635,0.316464903,0,0.158393821,0,0.924633337,histogram_databaru_random_gray_OK_crop_OK_OK-316-20241119-122300-305.BMP,OK
0.664161969,0.328650014,0,0.173215725,0,0.884808907,histogram_databaru_random_gray_OK_crop_OK_OK-317-20241119-122300-948.BMP,OK
0.643654123,0.352705558,0.039620573,0.274959447,0.030075904,0.804553403,histogram_databaru_random_gray_OK_crop_OK_OK-318-20241119-122301-673.BMP,OK
0.569873024,0.411929663,0.155958053,0.274570246,0.122938657,0.727402491,histogram_databaru_random_gray_OK_crop_OK_OK-319-20241119-122302-285.BMP,OK
0.260970122,0.746308762,0.20789746,0.291768326,0.166590059,0.467687257,histogram_databaru_random_gray_OK_crop_OK_OK-32-20241119-120825-454.BMP,OK
0.679034983,0.338852004,0.042142095,0.110968447,0.032016641,0.876244513,histogram_databaru_random_gray_OK_crop_OK_OK-320-20241119-122304-744.BMP,OK
0.647131916,0.345991007,0.037767141,0.093872919,0.028651409,0.855832709,histogram_databaru_random_gray_OK_crop_OK_OK-321-20241119-122305-503.BMP,OK
0.670740281,0.285943827,0.081542808,0.080643635,0.062756482,0.848891982,histogram_databaru_random_gray_OK_crop_OK_OK-322-20241119-122306-292.BMP,OK
0.524244756,0.436170455,0.216510594,0.094022706,0.173959614,0.688041966,histogram_databaru_random_gray_OK_crop_OK_OK-323-20241119-122306-975.BMP,OK
0.499505161,0.435414358,0.198347803,0.114807912,0.158462704,0.65183956,histogram_databaru_random_gray_OK_crop_OK_OK-324-20241119-122307-855.BMP,OK
0.501454904,0.409250096,0.222311522,0.201201704,0.178943968,0.626253435,histogram_databaru_random_gray_OK_crop_OK_OK-325-20241119-122308-504.BMP,OK
0.464423395,0.462414991,0.292380376,0.34626465,0.240483003,0.551368519,histogram_databaru_random_gray_OK_crop_OK_OK-326-20241119-122309-152.BMP,OK
0.414770671,0.553355828,0.322527699,0.324449075,0.267718198,0.475377369,histogram_databaru_random_gray_OK_crop_OK_OK-327-20241119-122309-971.BMP,OK
0.267626021,0.748116532,0.214439928,0.269096734,0.172184516,0.466973557,histogram_databaru_random_gray_OK_crop_OK_OK-33-20241119-120826-179.BMP,OK
0.306183803,0.699564806,0.208068889,0.275683955,0.166736373,0.49045427,histogram_databaru_random_gray_OK_crop_OK_OK-34-20241119-120827-030.BMP,OK
0.37243837,0.62798681,0.106260675,0.238388334,0.082438538,0.581558006,histogram_databaru_random_gray_OK_crop_OK_OK-35-20241119-120828-400.BMP,OK
0.356434717,0.642951004,0.105274755,0.299290909,0.081647611,0.562555758,histogram_databaru_random_gray_OK_crop_OK_OK-36-20241119-120829-570.BMP,OK
0.294462834,0.7129155,0.13722716,0.257913829,0.107528707,0.510866074,histogram_databaru_random_gray_OK_crop_OK_OK-37-20241119-120830-736.BMP,OK
0.259814609,0.744733185,0.139875963,0.327825892,0.109697198,0.458605431,histogram_databaru_random_gray_OK_crop_OK_OK-38-20241119-120832-073.BMP,OK
0.197870562,0.817684653,0.193789191,0.462060252,0.154599174,0.355404489,histogram_databaru_random_gray_OK_crop_OK_OK-39-20241119-120833-348.BMP,OK
0.396498042,0.585470037,0.204351807,0.247785379,0.163567147,0.579470435,histogram_databaru_random_gray_OK_crop_OK_OK-4-20241119-120646-745.BMP,OK
0.141577338,0.877379205,0.27239044,0.511735176,0.222675429,0.262534347,histogram_databaru_random_gray_OK_crop_OK_OK-40-20241119-120834-264.BMP,OK
0.263722388,0.746820286,0.150980776,0.290239196,0.118826668,0.49289869,histogram_databaru_random_gray_OK_crop_OK_OK-41-20241119-120836-541.BMP,OK
0.746372215,0.273733462,0.064565614,0.187823558,0.049415639,0.898476252,histogram_databaru_random_gray_OK_crop_OK_OK-42-20241119-120851-396.BMP,OK
0.678453377,0.32650048,0.058802651,0.082296523,0.04491992,0.870392178,histogram_databaru_random_gray_OK_crop_OK_OK-43-20241119-120854-222.BMP,OK
0.551910743,0.44480807,0.066390729,0.043174956,0.050842896,0.8142954,histogram_databaru_random_gray_OK_crop_OK_OK-44-20241119-120856-891.BMP,OK
0.471945781,0.498902769,0.185297145,0.203426856,0.147429766,0.61868822,histogram_databaru_random_gray_OK_crop_OK_OK-45-20241119-120858-938.BMP,OK
0.314752133,0.682497951,0.201245304,0.237937417,0.160923824,0.480301895,histogram_databaru_random_gray_OK_crop_OK_OK-46-20241119-120905-173.BMP,OK
0.374655226,0.613281053,0.182137249,0.258355954,0.144771259,0.510455697,histogram_databaru_random_gray_OK_crop_OK_OK-47-20241119-120906-276.BMP,OK
0.741160263,0.286760495,0.037662909,0.20613575,0.02857135,0.853727295,histogram_databaru_random_gray_OK_crop_OK_OK-48-20241119-120925-513.BMP,OK
0.725878584,0.283663296,0.020548036,0.039910623,0.015499671,0.944438497,histogram_databaru_random_gray_OK_crop_OK_OK-49-20241119-120926-849.BMP,OK
0.278136396,0.72792963,0.25166394,0.22441092,0.20442339,0.499090033,histogram_databaru_random_gray_OK_crop_OK_OK-5-20241119-120648-506.BMP,OK
0.558963461,0.442190929,0.071310016,0.070646399,0.054698144,0.813867181,histogram_databaru_random_gray_OK_crop_OK_OK-50-20241119-120928-586.BMP,OK
0.491673019,0.505726147,0.11612256,0.123616615,0.090376787,0.72495807,histogram_databaru_random_gray_OK_crop_OK_OK-51-20241119-120929-754.BMP,OK
0.391568602,0.588335895,0.156928698,0.309175471,0.123742006,0.552260643,histogram_databaru_random_gray_OK_crop_OK_OK-52-20241119-120930-986.BMP,OK
0.334015033,0.630141775,0.261475385,0.351755086,0.213036619,0.446258431,histogram_databaru_random_gray_OK_crop_OK_OK-53-20241119-120938-620.BMP,OK
0.401953416,0.556644378,0.208762513,0.244200596,0.167328533,0.563608464,histogram_databaru_random_gray_OK_crop_OK_OK-54-20241119-120939-596.BMP,OK
0.511901314,0.458710754,0.15138065,0.212884242,0.119156566,0.679495414,histogram_databaru_random_gray_OK_crop_OK_OK-55-20241119-120940-749.BMP,OK
0.480961273,0.501202452,0.112574735,0.193197683,0.087515373,0.677068836,histogram_databaru_random_gray_OK_crop_OK_OK-56-20241119-120942-120.BMP,OK
0.54805153,0.479035761,0.093021329,0.106127763,0.071858346,0.757841773,histogram_databaru_random_gray_OK_crop_OK_OK-57-20241119-120953-782.BMP,OK
0.5859898,0.414585557,0.021581834,0.273406308,0.016285076,0.766049317,histogram_databaru_random_gray_OK_crop_OK_OK-58-20241119-120958-491.BMP,OK
0.601354989,0.389362802,0.03598343,0.30274225,0.027282126,0.76535346,histogram_databaru_random_gray_OK_crop_OK_OK-59-20241119-121000-017.BMP,OK
0.271412386,0.734193642,0.235451994,0.118942251,0.190297143,0.513667345,histogram_databaru_random_gray_OK_crop_OK_OK-6-20241119-120650-673.BMP,OK
0.610577182,0.387681057,0.097994886,0.319818711,0.075822639,0.746708061,histogram_databaru_random_gray_OK_crop_OK_OK-60-20241119-121001-295.BMP,OK
0.617367526,0.375548013,0.075112596,0.334139516,0.057686547,0.734914178,histogram_databaru_random_gray_OK_crop_OK_OK-61-20241119-121002-600.BMP,OK
0.522700123,0.487686274,0.092497438,0.37172506,0.071441487,0.632765942,histogram_databaru_random_gray_OK_crop_OK_OK-62-20241119-121003-784.BMP,OK
0.523674995,0.48155846,0.160474539,0.479709191,0.126680718,0.583734789,histogram_databaru_random_gray_OK_crop_OK_OK-63-20241119-121004-886.BMP,OK
0.467923102,0.558531176,0.259776471,0.623394081,0.211541727,0.483834707,histogram_databaru_random_gray_OK_crop_OK_OK-64-20241119-121006-242.BMP,OK
0.499753321,0.509422822,0.134568977,0.444538703,0.105356076,0.5756343,histogram_databaru_random_gray_OK_crop_OK_OK-65-20241119-121007-800.BMP,OK
0.448499106,0.553968165,0.155696114,0.420998674,0.122721946,0.573011455,histogram_databaru_random_gray_OK_crop_OK_OK-66-20241119-121010-211.BMP,OK
0.279303754,0.728549821,0.181028397,0.166590136,0.14383954,0.522303108,histogram_databaru_random_gray_OK_crop_OK_OK-67-20241119-121014-036.BMP,OK
0.276392169,0.728805605,0.198180269,0.247377382,0.158320531,0.474842094,histogram_databaru_random_gray_OK_crop_OK_OK-68-20241119-121015-099.BMP,OK
0.396981332,0.591199713,0.147538508,0.29352771,0.1159901,0.556168148,histogram_databaru_random_gray_OK_crop_OK_OK-69-20241119-121016-165.BMP,OK
0.212912373,0.806970505,0.295977636,0.375391224,0.243708823,0.348642187,histogram_databaru_random_gray_OK_crop_OK_OK-7-20241119-120657-397.BMP,OK
0.521491305,0.46090635,0.25974979,0.313741245,0.211518261,0.623220212,histogram_databaru_random_gray_OK_crop_OK_OK-70-20241119-121022-606.BMP,OK
0.484686042,0.498806037,0.256829668,0.336412496,0.208952237,0.579595332,histogram_databaru_random_gray_OK_crop_OK_OK-71-20241119-121023-242.BMP,OK
0.303680882,0.675918255,0.265081104,0.324889233,0.216214127,0.470470685,histogram_databaru_random_gray_OK_crop_OK_OK-72-20241119-121024-426.BMP,OK
0.204853985,0.822684899,0.270012495,0.234934371,0.220570433,0.392035114,histogram_databaru_random_gray_OK_crop_OK_OK-73-20241119-121041-006.BMP,OK
0.22803651,0.816026753,0.209709525,0.167904231,0.168137403,0.386539628,histogram_databaru_random_gray_OK_crop_OK_OK-74-20241119-121041-962.BMP,OK
0.318632668,0.73423771,0.182634761,0.143542232,0.145189498,0.4862256,histogram_databaru_random_gray_OK_crop_OK_OK-75-20241119-121042-996.BMP,OK
0.228698664,0.78354666,0.162728994,0.231168282,0.128552439,0.448167577,histogram_databaru_random_gray_OK_crop_OK_OK-76-20241119-121055-433.BMP,OK
0.239776431,0.774718719,0.180482737,0.200101745,0.143381272,0.47007815,histogram_databaru_random_gray_OK_crop_OK_OK-77-20241119-121056-135.BMP,OK
0.23734932,0.775150392,0.223007406,0.312144314,0.17954303,0.428326732,histogram_databaru_random_gray_OK_crop_OK_OK-78-20241119-121056-796.BMP,OK
0.2518344,0.764448123,0.242651516,0.345676951,0.196554156,0.430806837,histogram_databaru_random_gray_OK_crop_OK_OK-79-20241119-121057-348.BMP,OK
0.200993588,0.815285281,0.342671601,0.510919713,0.286170385,0.311993719,histogram_databaru_random_gray_OK_crop_OK_OK-8-20241119-120658-267.BMP,OK
0.226561764,0.790101262,0.216978803,0.349393945,0.174361289,0.404703279,histogram_databaru_random_gray_OK_crop_OK_OK-80-20241119-121058-955.BMP,OK
0.212201061,0.803233544,0.307355929,0.457272857,0.253954977,0.307586625,histogram_databaru_random_gray_OK_crop_OK_OK-81-20241119-121101-943.BMP,OK
0.235752567,0.77697228,0.288697113,0.431117449,0.237186787,0.353281233,histogram_databaru_random_gray_OK_crop_OK_OK-82-20241119-121102-548.BMP,OK
0.211753306,0.811302221,0.319267021,0.540538489,0.264750499,0.310584163,histogram_databaru_random_gray_OK_crop_OK_OK-83-20241119-121107-023.BMP,OK
0.191283366,0.827997933,0.361551403,0.581048623,0.303649442,0.276790494,histogram_databaru_random_gray_OK_crop_OK_OK-84-20241119-121107-421.BMP,OK
0.218550165,0.795955114,0.363738062,0.520856298,0.305685421,0.309156764,histogram_databaru_random_gray_OK_crop_OK_OK-85-20241119-121108-074.BMP,OK
0.556944422,0.45708925,0.261230767,0.35670522,0.212821288,0.636066802,histogram_databaru_random_gray_OK_crop_OK_OK-86-20241119-121133-898.BMP,OK
0.438270058,0.570921756,0.12034135,0.270812451,0.093787571,0.615994005,histogram_databaru_random_gray_OK_crop_OK_OK-87-20241119-121135-665.BMP,OK
0.499864667,0.504386322,0.05897991,0.266169561,0.045057953,0.727188381,histogram_databaru_random_gray_OK_crop_OK_OK-88-20241119-121136-732.BMP,OK
0.571854158,0.441809187,0.037812067,0.204117387,0.028685917,0.781019163,histogram_databaru_random_gray_OK_crop_OK_OK-89-20241119-121137-445.BMP,OK
0.196131073,0.826085609,0.348512875,0.487320759,0.291559174,0.304214395,histogram_databaru_random_gray_OK_crop_OK_OK-9-20241119-120659-467.BMP,OK
0.625428283,0.396629671,0.047629924,0.284094617,0.036251479,0.778378475,histogram_databaru_random_gray_OK_crop_OK_OK-90-20241119-121138-146.BMP,OK
0.608296361,0.411052621,0.05212117,0.245562517,0.039728518,0.748331728,histogram_databaru_random_gray_OK_crop_OK_OK-91-20241119-121138-816.BMP,OK
0.578126268,0.448914274,0.06352678,0.241857765,0.048604008,0.724565535,histogram_databaru_random_gray_OK_crop_OK_OK-92-20241119-121139-499.BMP,OK
0.573296328,0.444776238,0.032160868,0.289075092,0.024353076,0.720479606,histogram_databaru_random_gray_OK_crop_OK_OK-93-20241119-121140-842.BMP,OK
0.672836907,0.339047899,0.040318621,0.27645152,0.030612851,0.811030225,histogram_databaru_random_gray_OK_crop_OK_OK-94-20241119-121141-663.BMP,OK
0.698721947,0.304427107,0.017730123,0.274098412,0.013361547,0.817292938,histogram_databaru_random_gray_OK_crop_OK_OK-95-20241119-121142-426.BMP,OK
0.747960084,0.24899553,0.012575529,0.256820185,0.009460748,0.85089034,histogram_databaru_random_gray_OK_crop_OK_OK-96-20241119-121143-124.BMP,OK
0.828267375,0.166293361,0.015981067,0.275722126,0.012036435,0.899332691,histogram_databaru_random_gray_OK_crop_OK_OK-97-20241119-121144-139.BMP,OK
0.763533158,0.225619247,0.045414253,0.332347072,0.034539876,0.83165614,histogram_databaru_random_gray_OK_crop_OK_OK-98-20241119-121144-840.BMP,OK
0.593002836,0.392476898,0.046022093,0.242970654,0.035009186,0.728633622,histogram_databaru_random_gray_OK_crop_OK_OK-99-20241119-121145-826.BMP,OK
